Name, InstanceName, ID,FoodGroup,ShortDescrip,Descrip,CommonName,MfgName,ScientificName,Energy_kcal,Protein_g,Fat_g,Carb_g,Sugar_g,Fiber_g,VitA_mcg,VitB6_mg,VitB12_mcg,VitC_mg,VitE_mg,Folate_mcg,Niacin_mg,Riboflavin_mg,Thiamin_mg,Calcium_mg,Copper_mcg,Iron_mg,Magnesium_mg,Manganese_mg,Phosphorus_mg,Selenium_mcg,Zinc_mg,VitA_USRDA,VitB6_USRDA,VitB12_USRDA,VitC_USRDA,VitE_USRDA,Folate_USRDA,Niacin_USRDA,Riboflavin_USRDA,Thiamin_USRDA,Calcium_USRDA,Copper_USRDA,Magnesium_USRDA,Phosphorus_USRDA,Selenium_USRDA,Zinc_USRDA, Cholesterol, MonounsaturatedFat, PolyunsaturatedFat, Potassium, SaturatedFat, Sodium
Aceite de oliva,AceiteOliva,04053,Fats and Oils,"OIL,OLIVE,SALAD OR COOKING","Oil, olive, salad or cooking",,,,884.0,0.0,100.0,0.0,0.0,0.0,0.0,0.0,0.0,0.0,14.35,0.0,0.0,0.0,0.0,1.0,0.0,0.56,0.0,0.0,0.0,0.0,0.0,0.0,0.0,0.0,0.0,0.9566666666666667,0.0,0.0,0.0,0.0,0.0008333333333333334,0.0,0.0,0.0,0.0,0.0,0.0,73.0,11.0,1.0,14.0,2.0
Oliva negra,AceitunaNegra,09195,Fruits and Fruit Juices,"OLIVES,PICKLED,CND OR BTLD,GRN","Olives, pickled, canned or bottled, green",,,,145.0,1.03,15.32,3.84,0.54,3.3,20.0,0.031,0.0,0.0,3.81,3.0,0.237,0.007,0.021,52.0,0.12,0.49,11.0,0.0,4.0,0.9,0.04,0.022222222222222223,0.018235294117647058,0.0,0.0,0.254,0.0075,0.0148125,0.005384615384615384,0.0175,0.043333333333333335,0.00013333333333333334,0.02619047619047619,0.005714285714285714,0.016363636363636365,0.0036363636363636364,0.0,14,2.23,91.0,2.81,2250
Aguacate,Aguacate,09037,Fruits and Fruit Juices,"AVOCADOS,RAW,ALL COMM VAR","Avocados, raw, all commercial varieties",,,Persea americana,160.0,2.0,14.66,8.53,0.66,6.7,7.0,0.257,0.0,10.0,2.07,81.0,1.738,0.13,0.067,12.0,0.19,0.55,29.0,0.142,52.0,0.4,0.64,0.0077777777777777776,0.1511764705882353,0.0,0.1111111111111111,0.13799999999999998,0.2025,0.108625,0.1,0.05583333333333334,0.01,0.0002111111111111111,0.06904761904761905,0.07428571428571429,0.007272727272727273,0.05818181818181818,0.0,9.8,1.81,507.0,2.12,8.0
Ajo,Ajo,11215,Vegetables and Vegetable Products,"GARLIC,RAW","Garlic, raw",,,Allium sativum,149.0,6.36,0.5,33.06,1.0,2.1,0.0,1.235,0.0,31.2,0.08,3.0,0.7,0.11,0.2,181.0,0.299,1.7,25.0,1.672,153.0,14.2,1.16,0.0,0.7264705882352942,0.0,0.3466666666666667,0.005333333333333333,0.0075,0.04375,0.0846153846153846,0.16666666666666669,0.15083333333333335,0.0003322222222222222,0.05952380952380952,0.21857142857142858,0.2581818181818182,0.10545454545454545,0.0,0.01,0.249,401.0,0.089,17.0
Almendra,Almendra,12061,Nut and Seed Products,ALMONDS,"Nuts, almonds","Includes USDA commodity food A256, A264",,Prunus dulcis,579.0,21.15,49.93,21.55,4.35,12.5,0.0,0.137,0.0,0.0,25.63,44.0,3.618,1.138,0.205,269.0,1.031,3.71,270.0,2.179,481.0,4.1,3.12,0.0,0.08058823529411765,0.0,0.0,1.7086666666666666,0.11,0.226125,0.8753846153846153,0.17083333333333334,0.22416666666666665,0.0011455555555555555,0.6428571428571429,0.6871428571428572,0.07454545454545454,0.28363636363636363,0.0,31.551,12.329,733.0,3.802,1.0
Atún,Atun,15117,Finfish and Shellfish Products,"TUNA,FRESH,BLUEFIN,RAW","Fish, tuna, fresh, bluefin, raw",,,Thunnus thynnus (L.),144.0,23.33,4.9,0.0,0.0,0.0,655.0,0.455,9.43,0.0,1.0,2.0,8.654,0.251,0.241,8.0,0.086,1.02,50.0,0.015,254.0,36.5,0.6,0.7277777777777777,0.2676470588235294,3.9291666666666667,0.0,0.06666666666666667,0.005,0.540875,0.19307692307692306,0.20083333333333334,0.006666666666666667,9.555555555555554e-05,0.11904761904761904,0.3628571428571429,0.6636363636363637,0.05454545454545454,38.0,1.6,1.433,252,1.257,39
Avellana,Avellana,35233,American Indian/Alaska Native Foods,"HAZELNUTS,BEAKED (NORTHERN PLAINS INDIANS)","Hazelnuts, beaked (Northern Plains Indians)",,,Corylus cornuta Marsh.,628.0,14.89,52.99,22.98,0.0,9.8,0.0,0.55,0.0,0.0,0.0,0.0,3.19,0.16,0.48,441.0,1.2,3.12,235.0,7.6,411.0,0.0,2.06,0.0,0.3235294117647059,0.0,0.0,0.0,0.0,0.199375,0.12307692307692307,0.4,0.3675,0.0013333333333333333,0.5595238095238095,0.5871428571428572,0.0,0.18727272727272729,0.0,45.652,7.92,680.0,4.464,0.0
Azúcar,Azucar,19334,Sweets,"SUGARS,BROWN","Sugars, brown",,,,380.0,0.12,0.0,98.09,97.02,0.0,0.0,0.041,0.0,0.0,0.0,1.0,0.11,0.0,0.0,83.0,0.047,0.71,9.0,0.064,4.0,1.2,0.03,0.0,0.024117647058823532,0.0,0.0,0.0,0.0025,0.006875,0.0,0.0,0.06916666666666667,5.222222222222222e-05,0.02142857142857143,0.005714285714285714,0.021818181818181816,0.002727272727272727,0.0,0.0,0.0,133.0,0.0,28.0
Bacalao,Bacalao,15045,Finfish and Shellfish Products,"LINGCOD,RAW","Fish, lingcod, raw",,,Ophiodon elongatus Girard,85.0,17.66,1.06,0.0,0.0,0.0,15.0,0.3,3.6,0.0,0.0,9.0,1.9,0.114,0.03,14.0,0.027,0.32,26.0,0.02,201.0,36.5,0.45,0.016666666666666666,0.17647058823529413,1.5,0.0,0.0,0.0225,0.11875,0.0876923076923077,0.025,0.011666666666666667,3e-05,0.06190476190476191,0.28714285714285714,0.6636363636363637,0.04090909090909091,52.0,0.350,0.300.0,437.0,0.197,59.0
Berenjena,Berenjena,11209,Vegetables and Vegetable Products,"EGGPLANT,RAW","Eggplant, raw",,,Solanum melongena,25.0,0.98,0.18,5.88,3.53,3.0,1.0,0.084,0.0,2.2,0.3,22.0,0.649,0.037,0.039,9.0,0.081,0.23,14.0,0.232,24.0,0.3,0.16,0.0011111111111111111,0.049411764705882356,0.0,0.024444444444444446,0.02,0.055,0.0405625,0.028461538461538458,0.0325,0.0075,9e-05,0.03333333333333333,0.03428571428571429,0.005454545454545454,0.014545454545454545,0.0,0.016,0.076,229,0.034,2.0
Cacahuete,Cacahuete,16087,Legumes and Legume Products,"PEANUTS,ALL TYPES,RAW","Peanuts, all types, raw",,,,567.0,25.8,49.24,16.13,4.72,8.5,0.0,0.348,0.0,0.0,8.33,240.0,12.066,0.135,0.64,92.0,1.144,4.58,168.0,1.934,376.0,7.2,3.27,0.0,0.20470588235294115,0.0,0.0,0.5553333333333333,0.6,0.754125,0.10384615384615385,0.5333333333333333,0.07666666666666666,0.001271111111111111,0.4,0.5371428571428571,0.13090909090909092,0.2972727272727273,0.0,24.426,15.558,705.0,6.279,18.0
Calabacin,Calabacín,11477,Vegetables and Vegetable Products,"SQUASH,SMMR,ZUCCHINI,INCL SKN,RAW","Squash, summer, zucchini, includes skin, raw",,,,17.0,1.21,0.32,3.11,2.5,1.0,10.0,0.163,0.0,17.9,0.12,24.0,0.451,0.094,0.045,16.0,0.053,0.37,18.0,0.177,38.0,0.2,0.32,0.011111111111111112,0.09588235294117647,0.0,0.19888888888888887,0.008,0.06,0.0281875,0.07230769230769231,0.0375,0.013333333333333334,5.888888888888889e-05,0.04285714285714286,0.054285714285714284,0.0036363636363636364,0.02909090909090909,0.0,0.011,0.091,261.0,0.084,8
Calamar,Calamar,15175,Finfish and Shellfish Products,"SQUID,MIXED SPECIES,RAW","Mollusks, squid, mixed species, raw",,,Loligoidae and Ommastrephidae,92.0,15.58,1.38,3.08,0.0,0.0,10.0,0.056,1.3,4.7,1.2,5.0,2.175,0.412,0.02,32.0,1.891,0.68,33.0,0.035,221.0,44.8,1.53,0.011111111111111112,0.03294117647058824,0.5416666666666667,0.052222222222222225,0.08,0.0125,0.1359375,0.3169230769230769,0.016666666666666666,0.02666666666666667,0.0021011111111111113,0.07857142857142857,0.3157142857142857,0.8145454545454545,0.1390909090909091,233.0,0.107,0.524,246.0,0.358,44.0
Caldo de Verdura,CaldoVerdura,06615,"Soups, Sauces, and Gravies","SWANSON BROTH,VEG BROTH","SWANSON BROTH, Vegetable Broth",,Campbell Soup Co.,,5.0,0.0,0.0,1.28,0.85,0.0,0.0,0.0,0.0,0.0,0.0,0.0,0.0,0.0,0.0,0.0,0.0,0.0,0.0,0.0,0.0,0.0,0.0,0.0,0.0,0.0,0.0,0.0,0.0,0.0,0.0,0.0,0.0,0.0,0.0,0.0,0.0,0.0,0.0,0.006,0.004,20.0,0.031,303.0
Canonigo,Canonigo,11251,Vegetables and Vegetable Products,"LETTUCE,COS OR ROMAINE,RAW","Lettuce, cos or romaine, raw",,,Lactuca sativa var. logifolia,17.0,1.23,0.3,3.29,1.19,2.1,436.0,0.074,0.0,4.0,0.13,136.0,0.313,0.067,0.072,33.0,0.048,0.97,14.0,0.155,30.0,0.4,0.23,0.48444444444444446,0.04352941176470588,0.0,0.044444444444444446,0.008666666666666666,0.34,0.0195625,0.05153846153846154,0.06,0.0275,5.333333333333333e-05,0.03333333333333333,0.04285714285714286,0.007272727272727273,0.02090909090909091,0.0,0.012,0.160,247.0,0.039,8.0
Carillera cerdo,CarrilleraCerdo,10898,Pork Products,"PORK,PICKLED PORK HOCKS","Pork, pickled pork hocks",,,,171.0,19.11,10.54,0.0,0.0,0.0,23.0,0.064,0.51,0.0,0.17,1.0,1.1,0.068,0.08,19.0,0.082,1.14,6.0,0.022,60.0,26.3,2.38,0.025555555555555557,0.037647058823529415,0.21250000000000002,0.0,0.011333333333333334,0.0025,0.06875,0.05230769230769231,0.06666666666666667,0.015833333333333335,9.111111111111112e-05,0.014285714285714285,0.08571428571428572,0.4781818181818182,0.21636363636363634,89.0,5.134,1.198,47.0,3.231,1050.0
Cebolla,Cebolla,11282,Vegetables and Vegetable Products,"ONIONS,RAW","Onions, raw",,,Allium cepa,40.0,1.1,0.1,9.34,4.24,1.7,0.0,0.12,0.0,7.4,0.02,19.0,0.116,0.027,0.046,23.0,0.039,0.21,10.0,0.129,29.0,0.5,0.17,0.0,0.07058823529411765,0.0,0.08222222222222222,0.0013333333333333333,0.0475,0.00725,0.02076923076923077,0.03833333333333334,0.019166666666666665,4.3333333333333334e-05,0.023809523809523808,0.041428571428571426,0.00909090909090909,0.015454545454545455,0.0,0.013,0.017,146.0,0.042,4.0
Champiñon,Champinon,11265,Vegetables and Vegetable Products,"MUSHROOMS,PORTABELLA,RAW","Mushrooms, portabella, raw",Portabello,,Agaricus bisporus,22.0,2.11,0.35,3.87,2.5,1.3,0.0,0.148,0.05,0.0,0.02,28.0,4.494,0.13,0.059,3.0,0.286,0.31,0.0,0.069,108.0,18.6,0.53,0.0,0.08705882352941176,0.020833333333333336,0.0,0.0013333333333333333,0.07,0.280875,0.1,0.049166666666666664,0.0025,0.0003177777777777778,0.0,0.15428571428571428,0.3381818181818182,0.04818181818181819,0.0,0.044,0.296,364.0,0.010,9.0
Codillo,Codillo,23030,Beef Products,"BEEF,RND,KNUCKLE,TIP SIDE,STEAK,LN & FAT,0"" FAT,CHOIC,RAW","Beef, round, knuckle, tip side, steak, separable lean and fat, trimmed to 0"" fat, choice, raw","URMIS #2358, Beef Value Cut, Sirloin Tip Steak, Vastas Lateralis",,,133.0,21.41,4.66,0.0,0.0,0.0,0.0,0.612,3.17,0.0,0.17,7.0,5.455,0.17,0.059,5.0,0.093,2.14,24.0,0.011,213.0,31.4,4.97,0.0,0.36,1.3208333333333333,0.0,0.011333333333333334,0.0175,0.3409375,0.13076923076923078,0.049166666666666664,0.004166666666666667,0.00010333333333333333,0.05714285714285714,0.30428571428571427,0.5709090909090909,0.4518181818181818,61.0,2.152,0.277,378.0,1.755,62.0
Cola bacalao,ColaBacalao,15045,Finfish and Shellfish Products,"LINGCOD,RAW","Fish, lingcod, raw",,,Ophiodon elongatus Girard,85.0,17.66,1.06,0.0,0.0,0.0,15.0,0.3,3.6,0.0,0.0,9.0,1.9,0.114,0.03,14.0,0.027,0.32,26.0,0.02,201.0,36.5,0.45,0.016666666666666666,0.17647058823529413,1.5,0.0,0.0,0.0225,0.11875,0.0876923076923077,0.025,0.011666666666666667,3e-05,0.06190476190476191,0.28714285714285714,0.6636363636363637,0.04090909090909091,52.0,0.350,0.300.0,437.0,0.197,59.0
Conejo,Conejo,17181,"Lamb, Veal, and Game Products","GAME MEAT,RABBIT,WILD,CKD,STWD","Game meat, rabbit, wild, cooked, stewed",,,,173.0,33.02,3.51,0.0,0.0,0.0,0.0,0.34,6.51,0.0,0.41,8.0,6.4,0.07,0.02,18.0,0.176,4.85,31.0,0.0,240.0,15.2,2.38,0.0,0.2,2.7125,0.0,0.02733333333333333,0.02,0.4,0.05384615384615385,0.016666666666666666,0.015,0.00019555555555555553,0.07380952380952381,0.34285714285714286,0.27636363636363637,0.21636363636363634,123.0,0.950,0.680,343.0,1.050,45.0
Escarola,Escarola,11213,Vegetables and Vegetable Products,"ENDIVE,RAW","Endive, raw",,,Cichorium endivia,17.0,1.25,0.2,3.35,0.25,3.1,108.0,0.02,0.0,6.5,0.44,142.0,0.4,0.075,0.08,52.0,0.099,0.83,15.0,0.42,28.0,0.2,0.79,0.12,0.011764705882352941,0.0,0.07222222222222222,0.029333333333333333,0.355,0.025,0.05769230769230769,0.06666666666666667,0.043333333333333335,0.00011,0.03571428571428571,0.04,0.0036363636363636364,0.07181818181818182,0.0,0.004,0.087,314.0,0.048,22.0
Espinaca,Espinaca,11457,Vegetables and Vegetable Products,"SPINACH,RAW","Spinach, raw",,,Spinacia oleracea,23.0,2.86,0.39,3.63,0.42,2.2,469.0,0.195,0.0,28.1,2.03,194.0,0.724,0.189,0.078,99.0,0.13,2.71,79.0,0.897,49.0,1.0,0.53,0.5211111111111111,0.11470588235294119,0.0,0.31222222222222223,0.13533333333333333,0.485,0.04525,0.1453846153846154,0.065,0.0825,0.00014444444444444444,0.1880952380952381,0.07,0.01818181818181818,0.04818181818181819,0.0,0.010,0.165,558.0,0.063,79.0
Fresa,Fresa,19137,Sweets,"TOPPINGS,STRAWBERRY","Toppings, strawberry",,,,254.0,0.2,0.1,66.3,27.38,0.7,1.0,0.012,0.0,13.7,0.1,6.0,0.161,0.024,0.011,6.0,0.032,0.28,4.0,0.167,5.0,0.8,0.06,0.0011111111111111111,0.007058823529411765,0.0,0.1522222222222222,0.006666666666666667,0.015,0.0100625,0.01846153846153846,0.009166666666666667,0.005,3.555555555555555e-05,0.009523809523809525,0.007142857142857143,0.014545454545454545,0.005454545454545454,0.0,0.014,0.050,51.0,0.005,21.0
Gamba,Gamba,15141,Finfish and Shellfish Products,"CRAB,BLUE,CANNED","Crustaceans, crab, blue, canned",,,,83.0,17.88,0.74,0.0,0.0,0.0,1.0,0.156,3.33,3.3,1.84,51.0,2.747,0.093,0.023,91.0,0.814,0.5,36.0,0.074,234.0,42.9,3.81,0.0011111111111111111,0.09176470588235294,1.3875000000000002,0.03666666666666667,0.12266666666666667,0.1275,0.1716875,0.07153846153846154,0.01916666666666667,0.07583333333333334,0.0009044444444444444,0.08571428571428572,0.3342857142857143,0.78,0.3463636363636364,97.0,0.129,0.258,259.0,0.201,563.0
Garbanzo,Garbanzo,16157,Legumes and Legume Products,CHICKPEA FLOUR (BESAN),Chickpea flour (besan),,,,387.0,22.39,6.69,57.82,10.85,10.8,2.0,0.492,0.0,0.0,0.83,437.0,1.762,0.106,0.486,45.0,0.912,4.86,166.0,1.6,318.0,8.3,2.81,0.0022222222222222222,0.28941176470588237,0.0,0.0,0.05533333333333333,1.0925,0.110125,0.08153846153846153,0.405,0.0375,0.0010133333333333333,0.3952380952380952,0.4542857142857143,0.1509090909090909,0.25545454545454543,0.0,1.504,2.983,846.0,0.693,64.0
Guisante,Guisante,11304,Vegetables and Vegetable Products,"PEAS,GREEN,RAW","Peas, green, raw",,,Pisum sativum,81.0,5.42,0.4,14.45,5.67,5.1,38.0,0.169,0.0,40.0,0.13,65.0,2.09,0.132,0.266,25.0,0.176,1.47,33.0,0.41,108.0,1.8,1.24,0.042222222222222223,0.09941176470588237,0.0,0.4444444444444444,0.008666666666666666,0.1625,0.130625,0.10153846153846154,0.22166666666666668,0.020833333333333332,0.00019555555555555553,0.07857142857142857,0.15428571428571428,0.03272727272727273,0.11272727272727273,0.0,0.035,0.187,244.0,0.071,5.0
Harina,Harina,20129,Cereal Grains and Pasta,"WHEAT FLOURS,BREAD,UNENR","Wheat flours, bread, unenriched",,,,361.0,11.98,1.66,72.53,0.31,2.4,0.0,0.037,0.0,0.0,0.4,33.0,1.0,0.06,0.08,15.0,0.182,0.9,25.0,0.792,97.0,39.7,0.85,0.0,0.02176470588235294,0.0,0.0,0.02666666666666667,0.0825,0.0625,0.04615384615384615,0.06666666666666667,0.0125,0.0002022222222222222,0.05952380952380952,0.13857142857142857,0.7218181818181819,0.07727272727272727,0.0,0.140,0.727,100,0.244,2.0
Higo,Higo,09089,Fruits and Fruit Juices,"FIGS,RAW","Figs, raw",,,Ficus carica,74.0,0.75,0.3,19.18,16.26,2.9,7.0,0.113,0.0,2.0,0.11,6.0,0.4,0.05,0.06,35.0,0.07,0.37,17.0,0.128,14.0,0.2,0.15,0.0077777777777777776,0.06647058823529411,0.0,0.022222222222222223,0.007333333333333333,0.015,0.025,0.038461538461538464,0.05,0.029166666666666667,7.777777777777778e-05,0.04047619047619048,0.02,0.0036363636363636364,0.013636363636363636,0.0,0.066,0.144,232,0.060,1.0
Leche,Leche,01089,Dairy and Egg Products,"MILK,LO NA,FLUID","Milk, low sodium, fluid",,,,61.0,3.1,3.46,4.46,4.46,0.0,29.0,0.034,0.36,0.9,0.08,5.0,0.043,0.105,0.02,101.0,0.01,0.05,5.0,0.004,86.0,2.0,0.38,0.03222222222222222,0.02,0.15,0.01,0.005333333333333333,0.0125,0.0026875,0.08076923076923076,0.016666666666666666,0.08416666666666667,1.1111111111111112e-05,0.011904761904761904,0.12285714285714286,0.03636363636363636,0.034545454545454546,14.0,0.999,0.128,253.0,2.154,3.0
Leche de oveja,LecheOveja,01089,Dairy and Egg Products,"MILK,LO NA,FLUID","Milk, low sodium, fluid",,,,61.0,3.1,3.46,4.46,4.46,0.0,29.0,0.034,0.36,0.9,0.08,5.0,0.043,0.105,0.02,101.0,0.01,0.05,5.0,0.004,86.0,2.0,0.38,0.03222222222222222,0.02,0.15,0.01,0.005333333333333333,0.0125,0.0026875,0.08076923076923076,0.016666666666666666,0.08416666666666667,1.1111111111111112e-05,0.011904761904761904,0.12285714285714286,0.03636363636363636,0.034545454545454546,14.0,0.999,0.128,253.0,2.154,3.0
Lechuga,Lechuga,11251,Vegetables and Vegetable Products,"LETTUCE,COS OR ROMAINE,RAW","Lettuce, cos or romaine, raw",,,Lactuca sativa var. logifolia,17.0,1.23,0.3,3.29,1.19,2.1,436.0,0.074,0.0,4.0,0.13,136.0,0.313,0.067,0.072,33.0,0.048,0.97,14.0,0.155,30.0,0.4,0.23,0.48444444444444446,0.04352941176470588,0.0,0.044444444444444446,0.008666666666666666,0.34,0.0195625,0.05153846153846154,0.06,0.0275,5.333333333333333e-05,0.03333333333333333,0.04285714285714286,0.007272727272727273,0.02090909090909091,0.0,0.012,0.160,247.0,0.039,8.0
Levadura,Levadura,43406,Vegetables and Vegetable Products,YEAST EXTRACT SPREAD,Yeast extract spread,,,,185.0,23.88,0.9,20.42,1.6,6.5,0.0,0.0,0.5,0.0,0.0,5881.0,127.5,17.5,23.375,67.0,0.245,4.04,180.0,0.261,104.0,27.6,4.19,0.0,0.0,0.20833333333333334,0.0,0.0,14.7025,7.96875,13.461538461538462,19.479166666666668,0.05583333333333333,0.0002722222222222222,0.42857142857142855,0.14857142857142858,0.5018181818181818,0.3809090909090909,0.0,0.0,0.0,2100.0,0.0,3380.0
Mango,Mango,09176,Fruits and Fruit Juices,"MANGOS,RAW","Mangos, raw",,,Mangifera indica,60.0,0.82,0.38,14.98,13.66,1.6,54.0,0.119,0.0,36.4,0.9,43.0,0.669,0.038,0.028,11.0,0.111,0.16,10.0,0.063,14.0,0.6,0.09,0.06,0.06999999999999999,0.0,0.40444444444444444,0.060000000000000005,0.1075,0.0418125,0.02923076923076923,0.023333333333333334,0.009166666666666667,0.00012333333333333334,0.023809523809523808,0.02,0.010909090909090908,0.00818181818181818,0.0,0.140,0.071,168.0,0.092,1.0
Membrillo,Membrillo,09296,Fruits and Fruit Juices,"QUINCES,RAW","Quinces, raw",,,Cydonia oblonga,57.0,0.4,0.1,15.3,0.0,1.9,2.0,0.04,0.0,15.0,0.0,3.0,0.2,0.03,0.02,11.0,0.13,0.7,8.0,0.0,17.0,0.6,0.04,0.0022222222222222222,0.023529411764705882,0.0,0.16666666666666666,0.0,0.0075,0.0125,0.023076923076923075,0.016666666666666666,0.009166666666666667,0.00014444444444444444,0.01904761904761905,0.024285714285714285,0.010909090909090908,0.0036363636363636364,0.0,0.036,0.050,197.0,0.010,4.0
Miel,Miel,19296,Sweets,HONEY,Honey,,,,304.0,0.3,0.0,82.4,82.12,0.2,0.0,0.024,0.0,0.5,0.0,2.0,0.121,0.038,0.0,6.0,0.036,0.42,2.0,0.08,4.0,0.8,0.22,0.0,0.01411764705882353,0.0,0.005555555555555556,0.0,0.005,0.0075625,0.02923076923076923,0.0,0.005,3.9999999999999996e-05,0.004761904761904762,0.005714285714285714,0.014545454545454545,0.02,0.0,0.0,0.0,52.0,0.0,4.0
Mora,Mora,09042,Fruits and Fruit Juices,"BLACKBERRIES,RAW","Blackberries, raw",,,Rubus spp.,43.0,1.39,0.49,9.61,4.88,5.3,11.0,0.03,0.0,21.0,1.17,25.0,0.646,0.026,0.02,29.0,0.165,0.62,20.0,0.646,22.0,0.4,0.53,0.012222222222222223,0.01764705882352941,0.0,0.23333333333333334,0.078,0.0625,0.040375,0.019999999999999997,0.016666666666666666,0.024166666666666666,0.00018333333333333334,0.047619047619047616,0.03142857142857143,0.007272727272727273,0.04818181818181819,0.0,0.047,0.280,162.0,0.014,1.0
Mostaza,Mostaza,02046,Spices and Herbs,"MUSTARD,PREPARED,YELLOW","Mustard, prepared, yellow",,,,60.0,3.74,3.34,5.83,0.92,4.0,5.0,0.07,0.0,0.3,0.36,7.0,0.565,0.07,0.177,63.0,0.074,1.61,48.0,0.422,108.0,33.5,0.64,0.005555555555555556,0.0411764705882353,0.0,0.003333333333333333,0.024,0.0175,0.0353125,0.05384615384615385,0.1475,0.0525,8.222222222222222e-05,0.11428571428571428,0.15428571428571428,0.6090909090909091,0.05818181818181818,0.0,2.182,0.774,152.0,0.214,1104.0
Nata,Nata,01054,Dairy and Egg Products,"CREAM,WHIPPED,CRM TOPPING,PRESSURIZED","Cream, whipped, cream topping, pressurized",,,,257.0,3.2,22.22,12.49,8.0,0.0,188.0,0.041,0.29,0.0,0.64,3.0,0.07,0.065,0.037,101.0,0.01,0.05,11.0,0.001,89.0,1.4,0.37,0.2088888888888889,0.024117647058823532,0.12083333333333333,0.0,0.042666666666666665,0.0075,0.004375,0.05,0.030833333333333334,0.08416666666666667,1.1111111111111112e-05,0.02619047619047619,0.12714285714285714,0.025454545454545452,0.03363636363636364,76.0,6.418,0.825,147.0,13.831,8.0
Nata líquida,NataLiquida,42141,Dairy and Egg Products,"CREAM SUB,LIQ,LT","Cream substitute, liquid, light",,,,71.0,0.8,3.5,9.1,9.1,0.0,0.0,0.0,0.0,0.0,0.28,0.0,0.0,0.0,0.0,1.0,0.0,0.56,0.0,0.0,75.0,0.9,0.05,0.0,0.0,0.0,0.0,0.018666666666666668,0.0,0.0,0.0,0.0,0.0008333333333333334,0.0,0.0,0.10714285714285714,0.016363636363636365,0.004545454545454546,34.0,2.95,0.32,132.0,5.93,40.0
Nuez,Nuez,12156,Nut and Seed Products,"NUTS,WALNUTS,GLAZED","Nuts, walnuts, glazed",,,,500.0,8.28,35.71,47.59,32.14,3.6,0.0,0.0,0.0,0.0,0.0,0.0,0.0,0.0,0.0,71.0,0.0,1.29,0.0,0.0,0.0,0.0,0.0,0.0,0.0,0.0,0.0,0.0,0.0,0.0,0.0,0.0,0.059166666666666666,0.0,0.0,0.0,0.0,0.0,0.0,5.357,25.000,232.0,3.571,446.0
Oregano,Oregano,02027,Spices and Herbs,"SPICES,OREGANO,DRIED","Spices, oregano, dried",,,Origanum vulgare,265.0,9.0,4.28,68.92,4.09,42.5,85.0,1.044,0.0,2.3,18.26,237.0,4.64,0.528,0.177,1597.0,0.633,36.8,270.0,4.99,148.0,4.5,2.69,0.09444444444444444,0.6141176470588235,0.0,0.025555555555555554,1.2173333333333334,0.5925,0.29,0.40615384615384614,0.1475,1.3308333333333333,0.0007033333333333334,0.6428571428571429,0.21142857142857144,0.08181818181818182,0.24454545454545454,0.0,0.716,1.369,1260.0,1.551,25.0
Pan,Pan,18967,Baked Products,"BREAD,WHEAT,WHITE WHEAT","Bread, wheat, white wheat",,,,238.0,10.66,2.15,43.91,5.0,9.2,0.0,0.08,0.0,0.0,0.38,162.0,4.455,0.255,0.51,684.0,0.149,4.89,26.0,0.634,103.0,16.1,0.95,0.0,0.047058823529411764,0.0,0.0,0.025333333333333333,0.405,0.2784375,0.19615384615384615,0.42500000000000004,0.57,0.00016555555555555554,0.06190476190476191,0.14714285714285713,0.2927272727272728,0.08636363636363636,0.0,0.393,0.973,127.0,0.630,478.0
Espagueti,Espagueti,20120,Cereal Grains and Pasta,"SPAGHETTI,DRY,ENRICHED","Spaghetti, dry, enriched",,,,371.0,13.04,1.51,74.67,2.67,3.2,0.0,0.142,0.0,0.0,0.11,391.0,7.177,0.4,0.891,21.0,0.289,3.3,53.0,0.917,189.0,63.2,1.41,0.0,0.08352941176470588,0.0,0.0,0.007333333333333333,0.9775,0.4485625,0.3076923076923077,0.7425,0.0175,0.0003211111111111111,0.1261904761904762,0.27,1.1490909090909092,0.12818181818181817,0.0,0.171,0.564,223.0,0.277,6.0
Patata,Patata,11362,Vegetables and Vegetable Products,"POTATOES,RAW,SKIN","Potatoes, raw, skin",,,Solanum tuberosum,58.0,2.57,0.1,12.44,0.0,2.5,0.0,0.239,0.0,11.4,0.0,17.0,1.033,0.038,0.021,30.0,0.423,3.24,23.0,0.602,38.0,0.3,0.35,0.0,0.14058823529411765,0.0,0.12666666666666668,0.0,0.0425,0.0645625,0.02923076923076923,0.0175,0.025,0.00047,0.05476190476190476,0.054285714285714284,0.005454545454545454,0.031818181818181815,0.0,0.002,0.043,413.0,0.026,10.0
Pechuga de pollo,PechugaPollo,05062,Poultry Products,"CHICKEN,BROILER OR FRYERS,BRST,SKINLESS,BNLESS,MEAT ONLY,RAW","Chicken, broiler or fryers, breast, skinless, boneless, meat only, raw",,,,120.0,22.5,2.62,0.0,0.0,0.0,7.0,0.811,0.21,0.0,0.56,9.0,9.6,0.177,0.094,5.0,0.037,0.37,28.0,0.011,213.0,22.8,0.68,0.0077777777777777776,0.4770588235294118,0.0875,0.0,0.037333333333333336,0.0225,0.6,0.13615384615384615,0.07833333333333334,0.004166666666666667,4.111111111111111e-05,0.06666666666666667,0.30428571428571427,0.41454545454545455,0.06181818181818182,73.0,0.689,0.424,334,0.563,45
Perejil, Perejil,11297,Vegetables and Vegetable Products,"PARSLEY,FRSH","Parsley, fresh",,,Petroselinum crispum,36.0,2.97,0.79,6.33,0.85,3.3,421.0,0.09,0.0,133.0,0.75,152.0,1.313,0.098,0.086,138.0,0.149,6.2,50.0,0.16,58.0,0.1,1.07,0.4677777777777778,0.052941176470588235,0.0,1.4777777777777779,0.05,0.38,0.0820625,0.07538461538461538,0.07166666666666667,0.115,0.00016555555555555554,0.11904761904761904,0.08285714285714285,0.0018181818181818182,0.09727272727272727,0.0,0.295,0.124,554,0.132,56
Pimienta,Pimienta,11978,Vegetables and Vegetable Products,"PEPPERS,ANCHO,DRIED","Peppers, ancho, dried",,,,281.0,11.86,8.2,51.42,0.0,21.6,1022.0,3.535,0.0,2.0,0.0,69.0,6.403,2.255,0.179,61.0,0.508,10.93,113.0,1.279,201.0,2.9,1.42,1.1355555555555557,2.0794117647058825,0.0,0.022222222222222223,0.0,0.1725,0.4001875,1.7346153846153844,0.14916666666666667,0.050833333333333335,0.0005644444444444445,0.26904761904761904,0.28714285714285714,0.05272727272727273,0.1290909090909091,0.0,0.492,4.511,2411,0.820,43
Pimiento piquillo,PimientoPiquillo,11821,Vegetables and Vegetable Products,"PEPPERS,SWT,RED,RAW","Peppers, sweet, red, raw",,,,31.0,0.99,0.3,6.03,4.2,2.1,157.0,0.291,0.0,127.7,1.58,46.0,0.979,0.085,0.054,7.0,0.017,0.43,12.0,0.112,26.0,0.1,0.25,0.17444444444444446,0.1711764705882353,0.0,1.4188888888888889,0.10533333333333333,0.115,0.0611875,0.06538461538461539,0.045,0.005833333333333334,1.888888888888889e-05,0.02857142857142857,0.037142857142857144,0.0018181818181818182,0.022727272727272728,0,0.007,0.156,211,0.059,4
Pimiento rojo,PimientoRojo,11821,Vegetables and Vegetable Products,"PEPPERS,SWT,RED,RAW","Peppers, sweet, red, raw",,,,31.0,0.99,0.3,6.03,4.2,2.1,157.0,0.291,0.0,127.7,1.58,46.0,0.979,0.085,0.054,7.0,0.017,0.43,12.0,0.112,26.0,0.1,0.25,0.17444444444444446,0.1711764705882353,0.0,1.4188888888888889,0.10533333333333333,0.115,0.0611875,0.06538461538461539,0.045,0.005833333333333334,1.888888888888889e-05,0.02857142857142857,0.037142857142857144,0.0018181818181818182,0.022727272727272728,0,0.007,0.156,211,0.059,4
Pimiento verde,PimientoVerde,11333,Vegetables and Vegetable Products,"PEPPERS,SWT,GRN,RAW","Peppers, sweet, green, raw",,,Capsicum annuum,20.0,0.86,0.17,4.64,2.4,1.7,18.0,0.224,0.0,80.4,0.37,10.0,0.48,0.028,0.057,10.0,0.066,0.34,10.0,0.122,20.0,0.0,0.13,0.02,0.13176470588235295,0.0,0.8933333333333334,0.024666666666666667,0.025,0.03,0.021538461538461538,0.0475,0.008333333333333333,7.333333333333333e-05,0.023809523809523808,0.02857142857142857,0.0,0.011818181818181818,0,0.008,0.062,175,0.058,3
Piñón,Pinon,12147,Nut and Seed Products,"NUTS,PINE NUTS,DRIED","Nuts, pine nuts, dried",,,Pinus spp.,673.0,13.69,68.37,13.08,3.59,3.7,1.0,0.094,0.0,0.8,9.33,34.0,4.387,0.227,0.364,16.0,1.324,5.53,251.0,8.802,575.0,0.7,6.45,0.0011111111111111111,0.05529411764705883,0.0,0.008888888888888889,0.622,0.085,0.2741875,0.17461538461538462,0.30333333333333334,0.013333333333333334,0.0014711111111111112,0.5976190476190476,0.8214285714285714,0.012727272727272726,0.5863636363636364,0,18.764,34.071,597,4.899,2
Puerro,Puerro,11246,Vegetables and Vegetable Products,"LEEKS,(BULB&LOWER LEAF-PORTION),RAW","Leeks, (bulb and lower leaf-portion), raw",,,Allium ampeloprasum,61.0,1.5,0.3,14.15,3.9,1.8,83.0,0.233,0.0,12.0,0.92,64.0,0.4,0.03,0.06,59.0,0.12,2.1,28.0,0.481,35.0,1.0,0.12,0.09222222222222222,0.1370588235294118,0.0,0.13333333333333333,0.06133333333333334,0.16,0.025,0.023076923076923075,0.05,0.049166666666666664,0.00013333333333333334,0.06666666666666667,0.05,0.01818181818181818,0.010909090909090908,0,0.166,0.004,180,0.040,20
Queso,Queso,01035,Dairy and Egg Products,"CHEESE,PROVOLONE","Cheese, provolone",,,,351.0,25.58,26.62,2.14,0.56,0.0,236.0,0.073,1.46,0.0,0.23,10.0,0.156,0.321,0.019,756.0,0.026,0.52,28.0,0.01,496.0,14.5,3.23,0.26222222222222225,0.04294117647058823,0.6083333333333334,0.0,0.015333333333333334,0.025,0.00975,0.2469230769230769,0.015833333333333335,0.63,2.8888888888888888e-05,0.06666666666666667,0.7085714285714285,0.2636363636363636,0.29363636363636364,69.0,7.393,0.769,138,17.078,727
Queso Parmesano,QuesoParmesano, 01032,Dairy and Egg Products,"CHEESE,PARMESAN,GRATED","Cheese, parmesan, grated",,,,420.0,28.42,27.84,13.91,0.07,0.0,262.0,0.081,1.4,0.0,0.53,6.0,0.08,0.358,0.026,853.0,0.04,0.49,34.0,0.071,627.0,34.4,4.2,0.2911111111111111,0.04764705882352942,0.5833333333333334,0.0,0.035333333333333335,0.015,0.005,0.27538461538461534,0.021666666666666667,0.7108333333333333,4.4444444444444447e-05,0.08095238095238096,0.8957142857142857,0.6254545454545454,0.38181818181818183,86.0,7.130,1.386,180,15.371,1804
Rabanito,Rabanito,11429,Vegetables and Vegetable Products,"RADISHES,RAW","Radishes, raw",,,Raphanus sativus,16.0,0.68,0.1,3.4,1.86,1.6,0.0,0.071,0.0,14.8,0.0,25.0,0.254,0.039,0.012,25.0,0.05,0.34,10.0,0.069,20.0,0.6,0.28,0.0,0.04176470588235294,0.0,0.16444444444444445,0.0,0.0625,0.015875,0.03,0.01,0.020833333333333332,5.555555555555556e-05,0.023809523809523808,0.02857142857142857,0.010909090909090908,0.025454545454545455,0,0.017,0.048,270.0,0.032,45.0
Rape,Rape,15054,Finfish and Shellfish Products,"MONKFISH,RAW","Fish, monkfish, raw",,,Lophius piscatorius L.,76.0,14.48,1.52,0.0,0.0,0.0,12.0,0.24,0.9,1.0,0.0,7.0,2.1,0.06,0.025,8.0,0.028,0.32,21.0,0.024,200.0,36.5,0.41,0.013333333333333334,0.1411764705882353,0.375,0.011111111111111112,0.0,0.0175,0.13125,0.04615384615384615,0.020833333333333336,0.006666666666666667,3.111111111111111e-05,0.05,0.2857142857142857,0.6636363636363637,0.03727272727272727,25.0,0.240,0.610,400,0.340,18.0
Sal,Sal,02047,Spices and Herbs,"SALT,TABLE","Salt, table",,,,0.0,0.0,0.0,0.0,0.0,0.0,0.0,0.0,0.0,0.0,0.0,0.0,0.0,0.0,0.0,24.0,0.03,0.33,1.0,0.1,0.0,0.1,0.1,0.0,0.0,0.0,0.0,0.0,0.0,0.0,0.0,0.0,0.02,3.3333333333333335e-05,0.002380952380952381,0.0,0.0018181818181818182,0.009090909090909092,0.0,0.0,0.0,8.0,0.0,38758.0
Salmón Ahumado,SalmonAhumado, 15077,Finfish and Shellfish Products,"SALMON,CHINOOK,SMOKED","Fish, salmon, chinook, smoked",,,,117.0,18.28,4.32,0.0,0.0,0.0,26.0,0.278,3.26,0.0,1.35,2.0,4.72,0.101,0.023,11.0,0.23,0.85,18.0,0.017,164.0,32.4,0.31,0.028888888888888888,0.1635294117647059,1.3583333333333334,0.0,0.09000000000000001,0.005,0.295,0.0776923076923077,0.01916666666666667,0.009166666666666667,0.0002555555555555556,0.04285714285714286,0.2342857142857143,0.5890909090909091,0.028181818181818183,23.0,2.023,0.995,175.0,0.929,672.0
Ternera,Ternera,17142,"Lamb, Veal, and Game Products","VEAL,GROUND,RAW","Veal, ground, raw",IMPS 396,,,197.0,18.58,13.06,0.0,0.0,0.0,0.0,0.446,2.28,0.0,0.49,3.0,5.52,0.28,0.113,12.0,0.088,1.37,31.0,0.008,197.0,13.1,2.51,0.0,0.2623529411764706,0.95,0.0,0.03266666666666666,0.0075,0.345,0.2153846153846154,0.09416666666666668,0.01,9.777777777777777e-05,0.07380952380952381,0.2814285714285714,0.2381818181818182,0.22818181818181815,49,6.159,0.732,198.0,5.108,103
Tomate,Tomate,11529,Vegetables and Vegetable Products,"TOMATOES,RED,RIPE,RAW,YEAR RND AVERAGE","Tomatoes, red, ripe, raw, year round average","Includes USDA commodity food A238, A233",,Solanum lycopersicum,18.0,0.88,0.2,3.89,2.63,1.2,42.0,0.08,0.0,13.7,0.54,15.0,0.594,0.019,0.037,10.0,0.059,0.27,11.0,0.114,24.0,0.0,0.17,0.04666666666666667,0.047058823529411764,0.0,0.1522222222222222,0.036000000000000004,0.0375,0.037125,0.014615384615384615,0.030833333333333334,0.008333333333333333,6.555555555555556e-05,0.02619047619047619,0.03428571428571429,0.0,0.015454545454545455,0.0,0.046,0.124, 237.0, 0.028, 5.0
Tomate Frito,TomateFrito,06972,"Soups, Sauces, and Gravies","SAUCE,TOMATO CHILI SAU,BTLD,W/SALT","Sauce, tomato chili sauce, bottled, with salt",,,,104.0,2.5,0.3,19.79,10.54,5.9,34.0,0.16,0.0,16.0,1.92,9.0,1.6,0.07,0.09,20.0,0.13,0.8,12.0,0.0,52.0,1.1,0.16,0.03777777777777778,0.09411764705882353,0.0,0.17777777777777778,0.128,0.0225,0.1,0.05384615384615385,0.075,0.016666666666666666,0.00014444444444444444,0.02857142857142857,0.07428571428571429,0.02,0.014545454545454545,3.0,0.0,0.0,0.0,0.330,667
Vinagre,Vinagre,02048,Spices and Herbs,"VINEGAR,CIDER","Vinegar, cider",,,,21.0,0.0,0.0,0.93,0.4,0.0,0.0,0.0,0.0,0.0,0.0,0.0,0.0,0.0,0.0,7.0,0.008,0.2,5.0,0.249,8.0,0.1,0.04,0.0,0.0,0.0,0.0,0.0,0.0,0.0,0.0,0.0,0.005833333333333334,8.888888888888888e-06,0.011904761904761904,0.011428571428571429,0.0018181818181818182,0.0036363636363636364,0.0,0.0,0.0,73.0,0.0,5.0
Vino blanco,VinoBlanco,14106,Beverages,"ALCOHOLIC BEV,WINE,TABLE,WHITE","Alcoholic beverage, wine, table, white",,,,82.0,0.07,0.0,2.6,0.96,0.0,0.0,0.05,0.0,0.0,0.0,1.0,0.108,0.015,0.005,9.0,0.004,0.27,10.0,0.117,18.0,0.1,0.12,0.0,0.029411764705882356,0.0,0.0,0.0,0.0025,0.00675,0.011538461538461537,0.004166666666666667,0.0075,4.444444444444444e-06,0.023809523809523808,0.025714285714285714,0.0018181818181818182,0.010909090909090908,0.0,0.0,0.0,71.0,0.0,5.0
Zanahoria,Zanahoria,11124,Vegetables and Vegetable Products,"CARROTS,RAW","Carrots, raw",Includes USDA commodity food A099,,Daucus carota,41.0,0.93,0.24,9.58,4.74,2.8,835.0,0.138,0.0,5.9,0.66,19.0,0.983,0.058,0.066,33.0,0.045,0.3,12.0,0.143,35.0,0.1,0.24,0.9277777777777778,0.08117647058823531,0.0,0.06555555555555556,0.044000000000000004,0.0475,0.0614375,0.04461538461538462,0.05500000000000001,0.0275,4.9999999999999996e-05,0.02857142857142857,0.05,0.0018181818181818182,0.021818181818181816,0.0,0.012,0.102,320.0,0.032,69.0
